{
    "timestamp": "20250604_081417",
    "model_type": "xgboost",
    "split_method": "event_aware",
    "feature_count": 50,
    "features": [
        "Returns_60d",
        "Month",
        "Returns_20d_SP500",
        "Returns_5d_SP500",
        "HV_60",
        "NATR",
        "Returns_50d",
        "Relative_strength_5d",
        "PVT",
        "GK_Vol",
        "Price_Std_50d",
        "OBV",
        "MACD_hist",
        "Volume_MA_5",
        "Volatility_10d",
        "BB_width",
        "Price_Momentum_5d",
        "Outperformance_Margin_20d",
        "Price_Momentum_50d",
        "MACD_Signal",
        "MACD",
        "Returns_20d",
        "RelativeStrength_20d",
        "Outperformance_Margin_10d",
        "STOCH_K",
        "BB_position",
        "RelativeVolume",
        "Volume_lag1",
        "ATR",
        "HV_20",
        "Volatility_20d",
        "Price_Std_20d",
        "Price_Momentum_10d",
        "Volume",
        "HL_Spread",
        "Momentum_3d",
        "Outperformed_SP500_20d_lag5",
        "Price_MA_50d",
        "IsMonthEnd",
        "BB_Lower_10d",
        "IsMonthStart",
        "High",
        "Low",
        "Outperformed_SP500_5d_lag5",
        "BB_Upper_10d",
        "BB_upper",
        "Price_MA_5d",
        "TRANGE",
        "Price_MA_20d",
        "BB_Upper_20d"
    ],
    "feature_importance": {
        "BB_Upper_20d": 0.049565382301807404,
        "Month": 0.0392489917576313,
        "Returns_60d": 0.035052474588155746,
        "Volatility_20d": 0.03190848231315613,
        "Outperformance_Margin_20d": 0.03097740188241005,
        "Returns_20d_SP500": 0.030738916248083115,
        "IsMonthStart": 0.030713126063346863,
        "HV_60": 0.027676930651068687,
        "NATR": 0.02734406292438507,
        "Returns_5d_SP500": 0.027308903634548187,
        "Price_MA_20d": 0.026027541607618332,
        "Volatility_10d": 0.024210579693317413,
        "Volume_lag1": 0.023108499124646187,
        "GK_Vol": 0.022949684411287308,
        "ATR": 0.022763000801205635,
        "Outperformed_SP500_5d_lag5": 0.022540181875228882,
        "Price_MA_5d": 0.022518720477819443,
        "MACD_hist": 0.02179797738790512,
        "Returns_50d": 0.02159259095788002,
        "Price_Momentum_5d": 0.02138533443212509,
        "Price_Std_50d": 0.020809710025787354,
        "Returns_20d": 0.01907612755894661,
        "Price_Momentum_50d": 0.018192360177636147,
        "MACD_Signal": 0.01767447218298912,
        "Volume_MA_5": 0.017043238505721092,
        "TRANGE": 0.01681092195212841,
        "Volume": 0.016714632511138916,
        "BB_upper": 0.016665229573845863,
        "MACD": 0.016050299629569054,
        "BB_Lower_10d": 0.016040943562984467,
        "Outperformance_Margin_10d": 0.016040580347180367,
        "RelativeStrength_20d": 0.015886181965470314,
        "Outperformed_SP500_20d_lag5": 0.01566551811993122,
        "IsMonthEnd": 0.015067962929606438,
        "Price_Momentum_10d": 0.014986173249781132,
        "PVT": 0.014901980757713318,
        "Price_Std_20d": 0.014740556478500366,
        "Low": 0.014227948151528835,
        "STOCH_K": 0.014017491601407528,
        "Price_MA_50d": 0.013873795978724957,
        "Relative_strength_5d": 0.01372841838747263,
        "HV_20": 0.013724124059081078,
        "BB_Upper_10d": 0.013367798179388046,
        "BB_position": 0.013267467729747295,
        "BB_width": 0.01275579258799553,
        "OBV": 0.012573176994919777,
        "HL_Spread": 0.011038122698664665,
        "High": 0.010766750201582909,
        "RelativeVolume": 0.009872042573988438,
        "Momentum_3d": 0.004991358146071434
    },
    "selected_features": [
        "Returns_60d",
        "Month",
        "Returns_20d_SP500",
        "Returns_5d_SP500",
        "HV_60",
        "NATR",
        "Returns_50d",
        "Relative_strength_5d",
        "PVT",
        "GK_Vol",
        "Price_Std_50d",
        "OBV",
        "MACD_hist",
        "Volume_MA_5",
        "Volatility_10d",
        "BB_width",
        "Price_Momentum_5d",
        "Outperformance_Margin_20d",
        "Price_Momentum_50d",
        "MACD_Signal",
        "MACD",
        "Returns_20d",
        "RelativeStrength_20d",
        "Outperformance_Margin_10d",
        "STOCH_K",
        "BB_position",
        "RelativeVolume",
        "Volume_lag1",
        "ATR",
        "HV_20",
        "Volatility_20d",
        "Price_Std_20d",
        "Price_Momentum_10d",
        "Volume",
        "HL_Spread",
        "Momentum_3d",
        "Outperformed_SP500_20d_lag5",
        "Price_MA_50d",
        "IsMonthEnd",
        "BB_Lower_10d",
        "IsMonthStart",
        "High",
        "Low",
        "Outperformed_SP500_5d_lag5",
        "BB_Upper_10d",
        "BB_upper",
        "Price_MA_5d",
        "TRANGE",
        "Price_MA_20d",
        "BB_Upper_20d"
    ],
    "selected_feature_count": 50,
    "selection_method": "none",
    "split_index": 0,
    "importance_analysis": {
        "top_features": {
            "BB_Upper_20d": 0.049565382301807404,
            "Month": 0.0392489917576313,
            "Returns_60d": 0.035052474588155746,
            "Volatility_20d": 0.03190848231315613,
            "Outperformance_Margin_20d": 0.03097740188241005,
            "Returns_20d_SP500": 0.030738916248083115,
            "IsMonthStart": 0.030713126063346863,
            "HV_60": 0.027676930651068687,
            "NATR": 0.02734406292438507,
            "Returns_5d_SP500": 0.027308903634548187,
            "Price_MA_20d": 0.026027541607618332,
            "Volatility_10d": 0.024210579693317413,
            "Volume_lag1": 0.023108499124646187,
            "GK_Vol": 0.022949684411287308,
            "ATR": 0.022763000801205635,
            "Outperformed_SP500_5d_lag5": 0.022540181875228882,
            "Price_MA_5d": 0.022518720477819443,
            "MACD_hist": 0.02179797738790512,
            "Returns_50d": 0.02159259095788002,
            "Price_Momentum_5d": 0.02138533443212509
        },
        "top_importance_percentage": 55.9428805536999,
        "feature_category_distribution": {
            "price": 11,
            "volume": 4,
            "technical": 3,
            "fundamental": 7,
            "sentiment": 0,
            "market": 2,
            "other": 23
        }
    },
    "model_performance": {
        "roc_auc": 0,
        "f1": 0,
        "accuracy": 0
    }
}