{
    "timestamp": "20250604_081904",
    "model_type": "xgboost",
    "split_method": "walk_forward",
    "feature_count": 50,
    "features": [
        "Returns_60d",
        "Month",
        "Returns_20d_SP500",
        "Returns_5d_SP500",
        "HV_60",
        "NATR",
        "Returns_50d",
        "Relative_strength_5d",
        "PVT",
        "GK_Vol",
        "Price_Std_50d",
        "OBV",
        "MACD_hist",
        "Volume_MA_5",
        "Volatility_10d",
        "BB_width",
        "Price_Momentum_5d",
        "Outperformance_Margin_20d",
        "Price_Momentum_50d",
        "MACD_Signal",
        "MACD",
        "Returns_20d",
        "RelativeStrength_20d",
        "Outperformance_Margin_10d",
        "STOCH_K",
        "BB_position",
        "RelativeVolume",
        "Volume_lag1",
        "ATR",
        "HV_20",
        "Volatility_20d",
        "Price_Std_20d",
        "Price_Momentum_10d",
        "Volume",
        "HL_Spread",
        "Momentum_3d",
        "Outperformed_SP500_20d_lag5",
        "Price_MA_50d",
        "IsMonthEnd",
        "BB_Lower_10d",
        "IsMonthStart",
        "High",
        "Low",
        "Outperformed_SP500_5d_lag5",
        "BB_Upper_10d",
        "BB_upper",
        "Price_MA_5d",
        "TRANGE",
        "Price_MA_20d",
        "BB_Upper_20d"
    ],
    "feature_importance": {
        "BB_width": 0.059391189366579056,
        "ATR": 0.04559225216507912,
        "Returns_60d": 0.04277317225933075,
        "Outperformed_SP500_20d_lag5": 0.04263033717870712,
        "Outperformance_Margin_20d": 0.03918246552348137,
        "NATR": 0.038791898638010025,
        "HV_60": 0.038326021283864975,
        "Volume_lag1": 0.03715774416923523,
        "Month": 0.03654823079705238,
        "Outperformance_Margin_10d": 0.03629663586616516,
        "Returns_20d": 0.03171875327825546,
        "Returns_50d": 0.031718309968709946,
        "Low": 0.031012458726763725,
        "Volatility_20d": 0.029700271785259247,
        "Returns_5d_SP500": 0.028903812170028687,
        "Price_MA_50d": 0.026035727933049202,
        "Price_Momentum_5d": 0.024357959628105164,
        "GK_Vol": 0.024283403530716896,
        "Returns_20d_SP500": 0.024156654253602028,
        "Volume_MA_5": 0.023814475163817406,
        "TRANGE": 0.02315434440970421,
        "Price_Momentum_10d": 0.02134953811764717,
        "Relative_strength_5d": 0.02050711028277874,
        "Price_Momentum_50d": 0.019985176622867584,
        "Price_Std_50d": 0.01992092840373516,
        "STOCH_K": 0.01745058223605156,
        "MACD_Signal": 0.014932818710803986,
        "Price_MA_20d": 0.013145295903086662,
        "MACD_hist": 0.013033661991357803,
        "Price_MA_5d": 0.013017821125686169,
        "Volume": 0.012527975253760815,
        "PVT": 0.012525011785328388,
        "High": 0.011875658296048641,
        "BB_position": 0.01167782861739397,
        "BB_Upper_20d": 0.01086597889661789,
        "RelativeStrength_20d": 0.010674562305212021,
        "BB_upper": 0.009932843036949635,
        "Momentum_3d": 0.00930524617433548,
        "OBV": 0.009141971357166767,
        "Volatility_10d": 0.008457294665277004,
        "IsMonthStart": 0.007202840875834227,
        "HV_20": 0.00632309727370739,
        "IsMonthEnd": 0.0038881965447217226,
        "Price_Std_20d": 0.003807132365182042,
        "HL_Spread": 0.00149158772546798,
        "RelativeVolume": 0.0014136937679722905,
        "MACD": 0.0,
        "BB_Lower_10d": 0.0,
        "Outperformed_SP500_5d_lag5": 0.0,
        "BB_Upper_10d": 0.0
    },
    "selected_features": [
        "Returns_60d",
        "Month",
        "Returns_20d_SP500",
        "Returns_5d_SP500",
        "HV_60",
        "NATR",
        "Returns_50d",
        "Relative_strength_5d",
        "PVT",
        "GK_Vol",
        "Price_Std_50d",
        "OBV",
        "MACD_hist",
        "Volume_MA_5",
        "Volatility_10d",
        "BB_width",
        "Price_Momentum_5d",
        "Outperformance_Margin_20d",
        "Price_Momentum_50d",
        "MACD_Signal",
        "MACD",
        "Returns_20d",
        "RelativeStrength_20d",
        "Outperformance_Margin_10d",
        "STOCH_K",
        "BB_position",
        "RelativeVolume",
        "Volume_lag1",
        "ATR",
        "HV_20",
        "Volatility_20d",
        "Price_Std_20d",
        "Price_Momentum_10d",
        "Volume",
        "HL_Spread",
        "Momentum_3d",
        "Outperformed_SP500_20d_lag5",
        "Price_MA_50d",
        "IsMonthEnd",
        "BB_Lower_10d",
        "IsMonthStart",
        "High",
        "Low",
        "Outperformed_SP500_5d_lag5",
        "BB_Upper_10d",
        "BB_upper",
        "Price_MA_5d",
        "TRANGE",
        "Price_MA_20d",
        "BB_Upper_20d"
    ],
    "selected_feature_count": 50,
    "selection_method": "none",
    "split_index": 4,
    "importance_analysis": {
        "top_features": {
            "BB_width": 0.059391189366579056,
            "ATR": 0.04559225216507912,
            "Returns_60d": 0.04277317225933075,
            "Outperformed_SP500_20d_lag5": 0.04263033717870712,
            "Outperformance_Margin_20d": 0.03918246552348137,
            "NATR": 0.038791898638010025,
            "HV_60": 0.038326021283864975,
            "Volume_lag1": 0.03715774416923523,
            "Month": 0.03654823079705238,
            "Outperformance_Margin_10d": 0.03629663586616516,
            "Returns_20d": 0.03171875327825546,
            "Returns_50d": 0.031718309968709946,
            "Low": 0.031012458726763725,
            "Volatility_20d": 0.029700271785259247,
            "Returns_5d_SP500": 0.028903812170028687,
            "Price_MA_50d": 0.026035727933049202,
            "Price_Momentum_5d": 0.024357959628105164,
            "GK_Vol": 0.024283403530716896,
            "Returns_20d_SP500": 0.024156654253602028,
            "Volume_MA_5": 0.023814475163817406
        },
        "top_importance_percentage": 69.23917941594864,
        "feature_category_distribution": {
            "price": 11,
            "volume": 4,
            "technical": 3,
            "fundamental": 7,
            "sentiment": 0,
            "market": 2,
            "other": 23
        }
    },
    "model_performance": {
        "roc_auc": 0,
        "f1": 0,
        "accuracy": 0
    }
}