{
    "timestamp": "20250604_083010",
    "model_type": "xgboost",
    "split_method": "expanding_window",
    "feature_count": 50,
    "features": [
        "Returns_60d",
        "Month",
        "Returns_20d_SP500",
        "Returns_5d_SP500",
        "HV_60",
        "NATR",
        "Returns_50d",
        "Relative_strength_5d",
        "PVT",
        "GK_Vol",
        "Price_Std_50d",
        "OBV",
        "MACD_hist",
        "Volume_MA_5",
        "Volatility_10d",
        "BB_width",
        "Price_Momentum_5d",
        "Outperformance_Margin_20d",
        "Price_Momentum_50d",
        "MACD_Signal",
        "MACD",
        "Returns_20d",
        "RelativeStrength_20d",
        "Outperformance_Margin_10d",
        "STOCH_K",
        "BB_position",
        "RelativeVolume",
        "Volume_lag1",
        "ATR",
        "HV_20",
        "Volatility_20d",
        "Price_Std_20d",
        "Price_Momentum_10d",
        "Volume",
        "HL_Spread",
        "Momentum_3d",
        "Outperformed_SP500_20d_lag5",
        "Price_MA_50d",
        "IsMonthEnd",
        "BB_Lower_10d",
        "IsMonthStart",
        "High",
        "Low",
        "Outperformed_SP500_5d_lag5",
        "BB_Upper_10d",
        "BB_upper",
        "Price_MA_5d",
        "TRANGE",
        "Price_MA_20d",
        "BB_Upper_20d"
    ],
    "feature_importance": {
        "Month": 0.04054319113492966,
        "Returns_20d_SP500": 0.03577698767185211,
        "Returns_60d": 0.034870997071266174,
        "IsMonthStart": 0.030879206955432892,
        "Returns_5d_SP500": 0.03001808375120163,
        "Volatility_20d": 0.02866431139409542,
        "BB_Upper_20d": 0.0281114112585783,
        "IsMonthEnd": 0.026076264679431915,
        "Price_MA_5d": 0.02491205744445324,
        "Price_MA_20d": 0.024496400728821754,
        "HV_60": 0.02418576553463936,
        "HV_20": 0.021912014111876488,
        "MACD_Signal": 0.02164820209145546,
        "Returns_50d": 0.02153574675321579,
        "MACD": 0.021353144198656082,
        "NATR": 0.021196074783802032,
        "BB_Upper_10d": 0.02060273289680481,
        "Outperformance_Margin_20d": 0.020487923175096512,
        "Low": 0.020041262730956078,
        "GK_Vol": 0.0199899785220623,
        "Price_Std_50d": 0.01981855370104313,
        "Relative_strength_5d": 0.019445516169071198,
        "Price_Std_20d": 0.018755270168185234,
        "BB_upper": 0.01849440298974514,
        "Price_Momentum_10d": 0.018488403409719467,
        "BB_width": 0.018276162445545197,
        "BB_position": 0.01824985444545746,
        "Outperformed_SP500_20d_lag5": 0.018113307654857635,
        "Returns_20d": 0.018081646412611008,
        "Volume_MA_5": 0.018072504550218582,
        "OBV": 0.018049044534564018,
        "STOCH_K": 0.01785067841410637,
        "PVT": 0.01776476949453354,
        "Price_Momentum_50d": 0.016745276749134064,
        "RelativeStrength_20d": 0.01667596958577633,
        "Volatility_10d": 0.016612641513347626,
        "MACD_hist": 0.01644088886678219,
        "Price_Momentum_5d": 0.015943508595228195,
        "Volume_lag1": 0.015741907060146332,
        "ATR": 0.015293767675757408,
        "Outperformance_Margin_10d": 0.015206631273031235,
        "Volume": 0.015049529261887074,
        "BB_Lower_10d": 0.015045487321913242,
        "High": 0.013919810764491558,
        "RelativeVolume": 0.013248499482870102,
        "Momentum_3d": 0.012180321849882603,
        "Outperformed_SP500_5d_lag5": 0.011794398538768291,
        "Price_MA_50d": 0.011700945906341076,
        "HL_Spread": 0.010908101685345173,
        "TRANGE": 0.010730454698204994
    },
    "selected_features": [
        "Returns_60d",
        "Month",
        "Returns_20d_SP500",
        "Returns_5d_SP500",
        "HV_60",
        "NATR",
        "Returns_50d",
        "Relative_strength_5d",
        "PVT",
        "GK_Vol",
        "Price_Std_50d",
        "OBV",
        "MACD_hist",
        "Volume_MA_5",
        "Volatility_10d",
        "BB_width",
        "Price_Momentum_5d",
        "Outperformance_Margin_20d",
        "Price_Momentum_50d",
        "MACD_Signal",
        "MACD",
        "Returns_20d",
        "RelativeStrength_20d",
        "Outperformance_Margin_10d",
        "STOCH_K",
        "BB_position",
        "RelativeVolume",
        "Volume_lag1",
        "ATR",
        "HV_20",
        "Volatility_20d",
        "Price_Std_20d",
        "Price_Momentum_10d",
        "Volume",
        "HL_Spread",
        "Momentum_3d",
        "Outperformed_SP500_20d_lag5",
        "Price_MA_50d",
        "IsMonthEnd",
        "BB_Lower_10d",
        "IsMonthStart",
        "High",
        "Low",
        "Outperformed_SP500_5d_lag5",
        "BB_Upper_10d",
        "BB_upper",
        "Price_MA_5d",
        "TRANGE",
        "Price_MA_20d",
        "BB_Upper_20d"
    ],
    "selected_feature_count": 50,
    "selection_method": "none",
    "split_index": 109,
    "importance_analysis": {
        "top_features": {
            "Month": 0.04054319113492966,
            "Returns_20d_SP500": 0.03577698767185211,
            "Returns_60d": 0.034870997071266174,
            "IsMonthStart": 0.030879206955432892,
            "Returns_5d_SP500": 0.03001808375120163,
            "Volatility_20d": 0.02866431139409542,
            "BB_Upper_20d": 0.0281114112585783,
            "IsMonthEnd": 0.026076264679431915,
            "Price_MA_5d": 0.02491205744445324,
            "Price_MA_20d": 0.024496400728821754,
            "HV_60": 0.02418576553463936,
            "HV_20": 0.021912014111876488,
            "MACD_Signal": 0.02164820209145546,
            "Returns_50d": 0.02153574675321579,
            "MACD": 0.021353144198656082,
            "NATR": 0.021196074783802032,
            "BB_Upper_10d": 0.02060273289680481,
            "Outperformance_Margin_20d": 0.020487923175096512,
            "Low": 0.020041262730956078,
            "GK_Vol": 0.0199899785220623
        },
        "top_importance_percentage": 51.73017506255556,
        "feature_category_distribution": {
            "price": 11,
            "volume": 4,
            "technical": 3,
            "fundamental": 7,
            "sentiment": 0,
            "market": 2,
            "other": 23
        }
    },
    "model_performance": {
        "roc_auc": 0,
        "f1": 0,
        "accuracy": 0
    }
}