{
    "timestamp": "20250604_080859",
    "model_type": "xgboost",
    "split_method": "temporal",
    "feature_count": 50,
    "features": [
        "Returns_60d",
        "Month",
        "Returns_20d_SP500",
        "Returns_5d_SP500",
        "HV_60",
        "NATR",
        "Returns_50d",
        "Relative_strength_5d",
        "PVT",
        "GK_Vol",
        "Price_Std_50d",
        "OBV",
        "MACD_hist",
        "Volume_MA_5",
        "Volatility_10d",
        "BB_width",
        "Price_Momentum_5d",
        "Outperformance_Margin_20d",
        "Price_Momentum_50d",
        "MACD_Signal",
        "MACD",
        "Returns_20d",
        "RelativeStrength_20d",
        "Outperformance_Margin_10d",
        "STOCH_K",
        "BB_position",
        "RelativeVolume",
        "Volume_lag1",
        "ATR",
        "HV_20",
        "Volatility_20d",
        "Price_Std_20d",
        "Price_Momentum_10d",
        "Volume",
        "HL_Spread",
        "Momentum_3d",
        "Outperformed_SP500_20d_lag5",
        "Price_MA_50d",
        "IsMonthEnd",
        "BB_Lower_10d",
        "IsMonthStart",
        "High",
        "Low",
        "Outperformed_SP500_5d_lag5",
        "BB_Upper_10d",
        "BB_upper",
        "Price_MA_5d",
        "TRANGE",
        "Price_MA_20d",
        "BB_Upper_20d"
    ],
    "feature_importance": {
        "HV_60": 0.04514231160283089,
        "Outperformance_Margin_20d": 0.04397819563746452,
        "Month": 0.038640815764665604,
        "Price_Momentum_5d": 0.037628285586833954,
        "Volatility_20d": 0.034861717373132706,
        "Returns_60d": 0.034802667796611786,
        "NATR": 0.032771531492471695,
        "Returns_5d_SP500": 0.02998398244380951,
        "Outperformance_Margin_10d": 0.027882637456059456,
        "Returns_20d": 0.027876146137714386,
        "Returns_20d_SP500": 0.027306923642754555,
        "BB_Upper_20d": 0.027093667536973953,
        "HV_20": 0.02689289301633835,
        "STOCH_K": 0.026881234720349312,
        "Volume_MA_5": 0.026790497824549675,
        "MACD_Signal": 0.02602110244333744,
        "Relative_strength_5d": 0.025644684210419655,
        "Price_Momentum_50d": 0.02512049302458763,
        "Volume": 0.024933550506830215,
        "MACD_hist": 0.023948488757014275,
        "Volatility_10d": 0.02378690615296364,
        "Volume_lag1": 0.02291836403310299,
        "Returns_50d": 0.02269248105585575,
        "GK_Vol": 0.02244834043085575,
        "Price_Momentum_10d": 0.021155737340450287,
        "ATR": 0.021116267889738083,
        "Price_Std_50d": 0.02031744085252285,
        "Momentum_3d": 0.02014784887433052,
        "MACD": 0.020102770999073982,
        "BB_position": 0.01968635804951191,
        "BB_upper": 0.019317565485835075,
        "Price_MA_50d": 0.018328221514821053,
        "IsMonthStart": 0.016770929098129272,
        "OBV": 0.016231320798397064,
        "High": 0.015098942443728447,
        "BB_width": 0.012458539567887783,
        "Outperformed_SP500_5d_lag5": 0.012317775748670101,
        "RelativeStrength_20d": 0.01210901141166687,
        "PVT": 0.011814838275313377,
        "Price_Std_20d": 0.01000238861888647,
        "BB_Lower_10d": 0.009695771150290966,
        "HL_Spread": 0.00967575702816248,
        "RelativeVolume": 0.007604624610394239,
        "Outperformed_SP500_20d_lag5": 0.0,
        "IsMonthEnd": 0.0,
        "Low": 0.0,
        "BB_Upper_10d": 0.0,
        "Price_MA_5d": 0.0,
        "TRANGE": 0.0,
        "Price_MA_20d": 0.0
    },
    "selected_features": [
        "Returns_60d",
        "Month",
        "Returns_20d_SP500",
        "Returns_5d_SP500",
        "HV_60",
        "NATR",
        "Returns_50d",
        "Relative_strength_5d",
        "PVT",
        "GK_Vol",
        "Price_Std_50d",
        "OBV",
        "MACD_hist",
        "Volume_MA_5",
        "Volatility_10d",
        "BB_width",
        "Price_Momentum_5d",
        "Outperformance_Margin_20d",
        "Price_Momentum_50d",
        "MACD_Signal",
        "MACD",
        "Returns_20d",
        "RelativeStrength_20d",
        "Outperformance_Margin_10d",
        "STOCH_K",
        "BB_position",
        "RelativeVolume",
        "Volume_lag1",
        "ATR",
        "HV_20",
        "Volatility_20d",
        "Price_Std_20d",
        "Price_Momentum_10d",
        "Volume",
        "HL_Spread",
        "Momentum_3d",
        "Outperformed_SP500_20d_lag5",
        "Price_MA_50d",
        "IsMonthEnd",
        "BB_Lower_10d",
        "IsMonthStart",
        "High",
        "Low",
        "Outperformed_SP500_5d_lag5",
        "BB_Upper_10d",
        "BB_upper",
        "Price_MA_5d",
        "TRANGE",
        "Price_MA_20d",
        "BB_Upper_20d"
    ],
    "selected_feature_count": 50,
    "selection_method": "none",
    "split_index": 0,
    "importance_analysis": {
        "top_features": {
            "HV_60": 0.04514231160283089,
            "Outperformance_Margin_20d": 0.04397819563746452,
            "Month": 0.038640815764665604,
            "Price_Momentum_5d": 0.037628285586833954,
            "Volatility_20d": 0.034861717373132706,
            "Returns_60d": 0.034802667796611786,
            "NATR": 0.032771531492471695,
            "Returns_5d_SP500": 0.02998398244380951,
            "Outperformance_Margin_10d": 0.027882637456059456,
            "Returns_20d": 0.027876146137714386,
            "Returns_20d_SP500": 0.027306923642754555,
            "BB_Upper_20d": 0.027093667536973953,
            "HV_20": 0.02689289301633835,
            "STOCH_K": 0.026881234720349312,
            "Volume_MA_5": 0.026790497824549675,
            "MACD_Signal": 0.02602110244333744,
            "Relative_strength_5d": 0.025644684210419655,
            "Price_Momentum_50d": 0.02512049302458763,
            "Volume": 0.024933550506830215,
            "MACD_hist": 0.023948488757014275
        },
        "top_importance_percentage": 61.42018095281393,
        "feature_category_distribution": {
            "price": 11,
            "volume": 4,
            "technical": 3,
            "fundamental": 7,
            "sentiment": 0,
            "market": 2,
            "other": 23
        }
    },
    "model_performance": {
        "roc_auc": 0,
        "f1": 0,
        "accuracy": 0
    }
}